Number,Name,Card
001,Bulbasaur,None
002,Ivysaur,None
003,Venusaur,None
004,Charmander,None
005,Charmeleon,None
006,Charizard,None
007,Squirtle,None
008,Wartortle,None
009,Blastoise,None
010,Caterpie,https://images.pokemoncard.io/images/g1/g1-3_hiresopt.jpg
011,Metapod,None
012,Butterfree,None
013,Weedle,https://images.pokemoncard.io/images/swsh6/swsh6-1_hiresopt.jpg
014,Kakuna,https://images.pokemoncard.io/images/swsh6/swsh6-2_hiresopt.jpg
015,Beedrill,None
016,Pidgey,https://images.pokemoncard.io/images/sm9/sm9-121_hiresopt.jpg
017,Pidgeotto,https://images.pokemoncard.io/images/sm9/sm9-123_hiresopt.jpg
018,Pidgeot,None
019,Rattata,None
020,Raticate,None
021,Spearow,None
022,Fearow,None
023,Ekans,None
024,Arbok,None
025,Pikachu,https://images.pokemoncard.io/images/sm12/sm12-66_hiresopt.jpg
026,Raichu,https://images.pokemoncard.io/images/sm12/sm12-67_hiresopt.jpg
027,Sandshrew,https://images.pokemoncard.io/images/sm12/sm12-137_hiresopt.jpg
028,Sandslash,None
029,Nidoran,None
030,Nidorina,None
031,Nidoqueen,None
032,Nidoran,None
033,Nidorino,None
034,Nidoking,None
035,Clefairy,https://images.pokemoncard.io/images/xy9/xy9-81_hiresopt.jpg
036,Clefable,None
037,Vulpix,https://images.pokemoncard.io/images/swsh1/swsh1-22_hiresopt.jpg
038,Ninetales,https://images.pokemoncard.io/images/swsh1/swsh1-23_hiresopt.jpg
039,Jigglypuff,None
040,Wigglytuff,None
041,Zubat,https://images.pokemoncard.io/images/swsh12/swsh12-103_hiresopt.jpg
042,Golbat,None
043,Oddish,https://images.pokemoncard.io/images/sm12/sm12-2_hiresopt.jpg
044,Gloom,https://images.pokemoncard.io/images/sm12/sm12-3_hiresopt.jpg
045,Vileplume,None
046,Paras,https://images.pokemoncard.io/images/xy8/xy8-1_hiresopt.jpg
047,Parasect,None
048,Venonat,None
049,Venomoth,None
050,Diglett,https://images.pokemoncard.io/images/swsh6/swsh6-76_hiresopt.jpg
051,Dugtrio,https://images.pokemoncard.io/images/swsh1/swsh1-93_hiresopt.jpg
052,Meowth,https://images.pokemoncard.io/images/sm3/sm3-101_hiresopt.jpg
053,Persian,https://images.pokemoncard.io/images/g1/g1-54_hiresopt.jpg
054,Psyduck,https://images.pokemoncard.io/images/sm12/sm12-40_hiresopt.jpg
055,Golduck,https://images.pokemoncard.io/images/sm12/sm12-41_hiresopt.jpg
056,Mankey,None
057,Primeape,None
058,Growlithe,https://images.pokemoncard.io/images/xy9/xy9-10_hiresopt.jpg
059,Arcanine,None
060,Poliwag,None
061,Poliwhirl,https://images.pokemoncard.io/images/swsh11/swsh11-31_hiresopt.jpg
062,Poliwrath,None
063,Abra,None
064,Kadabra,None
065,Alakazam,None
066,Machop,https://images.pokemoncard.io/images/sm2/sm2-62_hiresopt.jpg
067,Machoke,None
068,Machamp,https://images.pokemoncard.io/images/swshp/swshp-SWSH053_hiresopt.jpg
069,Bellsprout,None
070,Weepinbell,None
071,Victreebel,None
072,Tentacool,https://images.pokemoncard.io/images/swsh7/swsh7-26_hiresopt.jpg
073,Tentacruel,None
074,Geodude,https://images.pokemoncard.io/images/sm9/sm9-35_hiresopt.jpg
075,Graveler,None
076,Golem,None
077,Ponyta,https://images.pokemoncard.io/images/xy11/xy11-16_hiresopt.jpg
078,Rapidash,https://images.pokemoncard.io/images/sm12/sm12-24_hiresopt.jpg
079,Slowpoke,https://images.pokemoncard.io/images/swsh6/swsh6-54_hiresopt.jpg
080,Slowbro,None
081,Magnemite,https://images.pokemoncard.io/images/sm12/sm12-68_hiresopt.jpg
082,Magneton,None
083,Farfetch'd,https://images.pokemoncard.io/images/swsh6/swsh6-78_hiresopt.jpg
084,Doduo,None
085,Dodrio,None
086,Seel,https://images.pokemoncard.io/images/xy10/xy10-15_hiresopt.jpg
087,Dewgong,None
088,Grimer,https://images.pokemoncard.io/images/sm12/sm12-130_hiresopt.jpg
089,Muk,None
090,Shellder,https://images.pokemoncard.io/images/swsh1/swsh1-40_hiresopt.jpg
091,Cloyster,None
092,Gastly,https://images.pokemoncard.io/images/swsh11/swsh11-64_hiresopt.jpg
093,Haunter,https://images.pokemoncard.io/images/swsh6/swsh6-56_hiresopt.jpg
094,Gengar,https://images.pokemoncard.io/images/swshp/swshp-SWSH052_hiresopt.jpg
095,Onix,https://images.pokemoncard.io/images/sm12/sm12-105_hiresopt.jpg
096,Drowzee,https://images.pokemoncard.io/images/swsh12/swsh12-60_hiresopt.jpg
097,Hypno,https://images.pokemoncard.io/images/swsh7/swsh7-62_hiresopt.jpg
098,Krabby,https://images.pokemoncard.io/images/swsh1/swsh1-42_hiresopt.jpg
099,Kingler,None
100,Voltorb,None
101,Electrode,None
102,Exeggcute,https://images.pokemoncard.io/images/swsh9/swsh9-1_hiresopt.jpg
103,Exeggutor,None
104,Cubone,None
105,Marowak,None
106,Hitmonlee,None
107,Hitmonchan,https://images.pokemoncard.io/images/swsh1/swsh1-95_hiresopt.jpg
108,Lickitung,https://images.pokemoncard.io/images/xy3/xy3-78_hiresopt.jpg
109,Koffing,https://images.pokemoncard.io/images/swsh6/swsh6-94_hiresopt.jpg
110,Weezing,https://images.pokemoncard.io/images/swsh6/swsh6-95_hiresopt.jpg
111,Rhyhorn,https://images.pokemoncard.io/images/swsh1/swsh1-96_hiresopt.jpg
112,Rhydon,None
113,Chansey,None
114,Tangela,https://images.pokemoncard.io/images/g1/g1-8_hiresopt.jpg
115,Kangaskhan,None
116,Horsea,None
117,Seadra,https://images.pokemoncard.io/images/swsh11/swsh11-36_hiresopt.jpg
118,Goldeen,None
119,Seaking,None
120,Staryu,None
121,Starmie,None
122,Mr. Mime,None
123,Scyther,None
124,Jynx,https://images.pokemoncard.io/images/swsh11/swsh11-68_hiresopt.jpg
125,Electabuzz,https://images.pokemoncard.io/images/xy3/xy3-29_hiresopt.jpg
126,Magmar,https://images.pokemoncard.io/images/g1/g1-16_hiresopt.jpg
127,Pinsir,None
128,Tauros,None
129,Magikarp,None
130,Gyarados,None
131,Lapras,https://images.pokemoncard.io/images/swshp/swshp-SWSH051_hiresopt.jpg
132,Ditto,None
133,Eevee,https://images.pokemoncard.io/images/sm12/sm12-166_hiresopt.jpg
134,Vaporeon,https://images.pokemoncard.io/images/sm12/sm12-42_hiresopt.jpg
135,Jolteon,None
136,Flareon,https://images.pokemoncard.io/images/sm12/sm12-25_hiresopt.jpg
137,Porygon,https://images.pokemoncard.io/images/swsh6/swsh6-116_hiresopt.jpg
138,Omanyte,None
139,Omastar,None
140,Kabuto,None
141,Kabutops,None
142,Aerodactyl,None
143,Snorlax,None
144,Articuno,None
145,Zapdos,None
146,Moltres,None
147,Dratini,None
148,Dragonair,None
149,Dragonite,None
150,Mewtwo,https://images.pokemoncard.io/images/smp/smp-SM214_hiresopt.jpg
151,Mew,https://images.pokemoncard.io/images/smp/smp-SM215_hiresopt.jpg
152,Chikorita,None
153,Bayleef,None
154,Meganium,None
155,Cyndaquil,None
156,Quilava,None
157,Typhlosion,None
158,Totodile,None
159,Croconaw,None
160,Feraligatr,None
161,Sentret,None
162,Furret,None
163,Hoothoot,https://images.pokemoncard.io/images/sm3/sm3-106_hiresopt.jpg
164,Noctowl,https://images.pokemoncard.io/images/xy8/xy8-120_hiresopt.jpg
165,Ledyba,https://images.pokemoncard.io/images/mcd22/mcd22-1_hiresopt.jpg
166,Ledian,https://images.pokemoncard.io/images/swsh6/swsh6-5_hiresopt.jpg
167,Spinarak,https://images.pokemoncard.io/images/swsh12/swsh12-3_hiresopt.jpg
168,Ariados,None
169,Crobat,None
170,Chinchou,https://images.pokemoncard.io/images/sm12/sm12-71_hiresopt.jpg
171,Lanturn,https://images.pokemoncard.io/images/sm12/sm12-72_hiresopt.jpg
172,Pichu,None
173,Cleffa,None
174,Igglybuff,None
175,Togepi,None
176,Togetic,None
177,Natu,https://images.pokemoncard.io/images/sm12/sm12-78_hiresopt.jpg
178,Xatu,None
179,Mareep,https://images.pokemoncard.io/images/swsh6/swsh6-47_hiresopt.jpg
180,Flaaffy,None
181,Ampharos,None
182,Bellossom,None
183,Marill,None
184,Azumarill,None
185,Sudowoodo,https://images.pokemoncard.io/images/swsh1/swsh1-100_hiresopt.jpg
186,Politoed,None
187,Hoppip,None
188,Skiploom,None
189,Jumpluff,None
190,Aipom,https://images.pokemoncard.io/images/sm12/sm12-169_hiresopt.jpg
191,Sunkern,https://images.pokemoncard.io/images/sm12/sm12-7_hiresopt.jpg
192,Sunflora,https://images.pokemoncard.io/images/sm12/sm12-8_hiresopt.jpg
193,Yanma,None
194,Wooper,None
195,Quagsire,None
196,Espeon,None
197,Umbreon,None
198,Murkrow,https://images.pokemoncard.io/images/sm2/sm2-78_hiresopt.jpg
199,Slowking,None
200,Misdreavus,https://images.pokemoncard.io/images/swsh10/swsh10-58_hiresopt.jpg
201,Unown,None
202,Wobbuffet,https://images.pokemoncard.io/images/xy4/xy4-36_hiresopt.jpg
203,Girafarig,None
204,Pineco,None
205,Forretress,None
206,Dunsparce,None
207,Gligar,None
208,Steelix,None
209,Snubbull,https://images.pokemoncard.io/images/xy8/xy8-98_hiresopt.jpg
210,Granbull,https://images.pokemoncard.io/images/xy8/xy8-99_hiresopt.jpg
211,Qwilfish,https://images.pokemoncard.io/images/swsh6/swsh6-101_hiresopt.jpg
212,Scizor,None
213,Shuckle,None
214,Heracross,https://images.pokemoncard.io/images/sm12/sm12-9_hiresopt.jpg	
215,Sneasel,https://images.pokemoncard.io/images/swsh6/swsh6-30_hiresopt.jpg
216,Teddiursa,https://images.pokemoncard.io/images/sm12/sm12-171_hiresopt.jpg
217,Ursaring,https://images.pokemoncard.io/images/sm12/sm12-172_hiresopt.jpg
218,Slugma,https://cdn5.mavin.io/production/soldItems/159604051/images/image-0.jpg
219,Magcargo,None
220,Swinub,None
221,Piloswine,https://images.pokemoncard.io/images/swsh10/swsh10-32_hiresopt.jpg
222,Corsola,https://images.pokemoncard.io/images/xy9/xy9-29_hiresopt.jpg
223,Remoraid,None
224,Octillery,None
225,Delibird,https://images.pokemoncard.io/images/swsh6/swsh6-32_hiresopt.jpg
226,Mantine,https://images.pokemoncard.io/images/swsh1/swsh1-52_hiresopt.jpg
227,Skarmory,https://images.pokemoncard.io/images/sm1/sm1-88_hiresopt.jpg	
228,Houndour,None
229,Houndoom,None
230,Kingdra,None
231,Phanpy,None
232,Donphan,None
233,Porygon2,https://images.pokemoncard.io/images/swsh6/swsh6-117_hiresopt.jpg
234,Stantler,None
235,Smeargle,https://images.pokemoncard.io/images/xy8/xy8-123_hiresopt.jpg
236,Tyrogue,None
237,Hitmontop,None
238,Smoochum,None
239,Elekid,None
240,Magby,None
241,Miltank,None
242,Blissey,None
243,Raikou,None
244,Entei,None
245,Suicune,None
246,Larvitar,https://images.pokemoncard.io/images/xy10/xy10-41_hiresopt.jpg
247,Pupitar,None
248,Tyranitar,None
249,Lugia,None
250,Ho-oh,None
251,Celebi,None
252,Treecko,None
253,Grovyle,None
254,Sceptile,None
255,Torchic,None
256,Combusken,None
257,Blaziken,None
258,Mudkip,https://images.pokemoncard.io/images/mcd21/mcd21-19_hiresopt.jpg
259,Marshtomp,None
260,Swampert,None
261,Poochyena,None
262,Mightyena,None
263,Zigzagoon,https://images.pokemoncard.io/images/swsh1/swsh1-117_hiresopt.jpg
264,Linoone,None
265,Wurmple,https://images.pokemoncard.io/images/swsh11/swsh11-6_hiresopt.jpg
266,Silcoon,None
267,Beautifly,None
268,Cascoon,https://images.pokemoncard.io/images/xy6/xy6-6_hiresopt.jpg
269,Dustox,None
270,Lotad,None
271,Lombre,https://images.pokemoncard.io/images/swsh7/swsh7-33_hiresopt.jpg
272,Ludicolo,None
273,Seedot,None
274,Nuzleaf,None
275,Shiftry,None
276,Taillow,None
277,Swellow,None
278,Wingull,None
279,Pelipper,None
280,Ralts,https://images.pokemoncard.io/images/swsh6/swsh6-59_hiresopt.jpg
281,Kirlia,https://images.pokemoncard.io/images/swsh6/swsh6-60_hiresopt.jpg
282,Gardevoir,None
283,Surskit,None
284,Masquerain,None
285,Shroomish,None
286,Breloom,None
287,Slakoth,None
288,Vigoroth,None
289,Slaking,None
290,Nincada,None
291,Ninjask,None
292,Shedinja,None
293,Whismur,None
294,Loudred,None
295,Exploud,None
296,Makuhita,https://images.pokemoncard.io/images/swsh11/swsh11-97_hiresopt.jpg
297,Hariyama,None
298,Azurill,None
299,Nosepass,https://images.pokemoncard.io/images/sm12/sm12-106_hiresopt.jpg
300,Skitty,None
301,Delcatty,None
302,Sableye,https://images.pokemoncard.io/images/swsh7/swsh7-67_hiresopt.jpg
303,Mawile,https://images.pokemoncard.io/images/swsh1/swsh1-129_hiresopt.jpg
304,Aron,https://images.pokemoncard.io/images/swsh6/swsh6-109_hiresopt.jpg
305,Lairon,https://images.pokemoncard.io/images/swsh6/swsh6-110_hiresopt.jpg
306,Aggron,https://images.pokemoncard.io/images/swsh6/swsh6-111_hiresopt.jpg
307,Meditite,None
308,Medicham,None
309,Electrike,https://images.pokemoncard.io/images/xy6/xy6-24_hiresopt.jpg
310,Manectric,https://images.pokemoncard.io/images/swsh11/swsh11-55_hiresopt.jpg
311,Plusle,None
312,Minun,None
313,Volbeat,None
314,Illumise,None
315,Roselia,None
316,Gulpin,None
317,Swalot,None
318,Carvanha,https://images.pokemoncard.io/images/sm12/sm12-132_hiresopt.jpg
319,Sharpedo,None
320,Wailmer,https://images.pokemoncard.io/images/sm12/sm12-45_hiresopt.jpg
321,Wailord,None
322,Numel,https://images.pokemoncard.io/images/xy9/xy9-12_hiresopt.jpg
323,Camerupt,None
324,Torkoal,https://images.pokemoncard.io/images/sm12/sm12-29_hiresopt.jpg
325,Spoink,None
326,Grumpig,None
327,Spinda,None
328,Trapinch,https://images.pokemoncard.io/images/sm12/sm12-108_hiresopt.jpg
329,Vibrava,https://images.pokemoncard.io/images/sm12/sm12-109_hiresopt.jpg
330,Flygon,None
331,Cacnea,https://images.pokemoncard.io/images/xy8/xy8-4_hiresopt.jpg
332,Cacturne,None
333,Swablu,https://images.pokemoncard.io/images/swsh7/swsh7-132_hiresopt.jpg
334,Altaria,https://images.pokemoncard.io/images/swsh12/swsh12-143_hiresopt.jpg
335,Zangoose,https://images.pokemoncard.io/images/swsh6/swsh6-120_hiresopt.jpg
336,Seviper,None
337,Lunatone,None
338,Solrock,None
339,Barboach,None
340,Whiscash,None
341,Corphish,None
342,Crawdaunt,None
343,Baltoy,https://images.pokemoncard.io/images/swsh1/swsh1-102_hiresopt.jpg
344,Claydol,None
345,Lileep,https://images.pokemoncard.io/images/sm12/sm12-10_hiresopt.jpg
346,Cradily,https://images.pokemoncard.io/images/sm12/sm12-11_hiresopt.jpg
347,Anorith,None
348,Armaldo,None
349,Feebas,None
350,Milotic,None
351,Castform,https://images.pokemoncard.io/images/swsh6/swsh6-22_hiresopt.jpg
352,Kecleon,https://images.pokemoncard.io/images/swsh6/swsh6-122_hiresopt.jpg
353,Shuppet,https://images.pokemoncard.io/images/swsh11/swsh11-72_hiresopt.jpg
354,Banette,None
355,Duskull,https://images.pokemoncard.io/images/sm12/sm12-83_hiresopt.jpg
356,Dusclops,https://images.pokemoncard.io/images/sm12/sm12-84_hiresopt.jpg
357,Tropius,https://images.pokemoncard.io/images/sm12/sm12-12_hiresopt.jpg
358,Chimecho,None
359,Absol,https://images.pokemoncard.io/images/sm12/sm12-133_hiresopt.jpg
360,Wynaut,None
361,Snorunt,https://images.pokemoncard.io/images/swsh6/swsh6-35_hiresopt.jpg
362,Glalie,None
363,Spheal,https://images.pokemoncard.io/images/swsh6/swsh6-37_hiresopt.jpg
364,Sealeo,https://images.pokemoncard.io/images/swsh6/swsh6-38_hiresopt.jpg
365,Walrein,https://images.pokemoncard.io/images/swsh6/swsh6-39_hiresopt.jpg
366,Clamperl,None
367,Huntail,None
368,Gorebyss,None
369,Relicanth,https://images.pokemoncard.io/images/xy7/xy7-23_hiresopt.jpg
370,Luvdisc,https://images.pokemoncard.io/images/swsh11/swsh11-38_hiresopt.jpg
371,Bagon,None
372,Shelgon,None
373,Salamence,None
374,Beldum,None
375,Metang,https://images.pokemoncard.io/images/swsh12/swsh12-118_hiresopt.jpg
376,Metagross,None
377,Regirock,None
378,Regice,None
379,Registeel,None
380,Latias,None
381,Latios,None
382,Kyogre,https://images.pokemoncard.io/images/sm12/sm12-53_hiresopt.jpg
383,Groudon,None
384,Rayquaza,None
385,Jirachi,None
386,Deoxys,None
387,Turtwig,https://images.pokemoncard.io/images/sm5/sm5-7_hiresopt.jpg
388,Grotle,None
389,Torterra,None
390,Chimchar,https://images.pokemoncard.io/images/sm5/sm5-21_hiresopt.jpg
391,Monferno,None
392,Infernape,None
393,Piplup,https://images.pokemoncard.io/images/sm12/sm12-54_hiresopt.jpg
394,Prinplup,https://images.pokemoncard.io/images/sm12/sm12-55_hiresopt.jpg
395,Empoleon,https://images.pokemoncard.io/images/sm12/sm12-56_hiresopt.jpg
396,Starly,None
397,Staravia,None
398,Staraptor,None
399,Bidoof,None
400,Bibarel,None
401,Kricketot,https://images.pokemoncard.io/images/swsh10/swsh10-9_hiresopt.jpg
402,Kricketune,https://images.pokemoncard.io/images/sm12/sm12-14_hiresopt.jpg
403,Shinx,None
404,Luxio,None
405,Luxray,None
406,Budew,None
407,Roserade,None
408,Cranidos,None
409,Rampardos,None
410,Shieldon,None
411,Bastiodon,None
412,Burmy,https://images.pokemoncard.io/images/swsh9/swsh9-9_hiresopt.jpg
413,Wormadam,None
414,Mothim,None
415,Combee,None
416,Vespiquen,None
417,Pachirisu,https://images.pokemoncard.io/images/swsh9/swsh9-52_hiresopt.jpg
418,Buizel,None
419,Floatzel,None
420,Cherubi,None
421,Cherrim,None
422,Shellos,None
423,Gastrodon,None
424,Ambipom,https://images.pokemoncard.io/images/sm12/sm12-170_hiresopt.jpg
425,Drifloon,None
426,Drifblim,None
427,Buneary,https://images.pokemoncard.io/images/swsh12/swsh12-144_hiresopt.jpg
428,Lopunny,None
429,Mismagius,None
430,Honchkrow,None
431,Glameow,None
432,Purugly,None
433,Chingling,None
434,Stunky,https://images.pokemoncard.io/images/xy2/xy2-54_hiresopt.jpg
435,Skuntank,None
436,Bronzor,https://images.pokemoncard.io/images/sm9/sm9-100_hiresopt.jpg
437,Bronzong,None
438,Bonsly,None
439,Mime Jr.,None
440,Happiny,None
441,Chatot,None
442,Spiritomb,https://images.pokemoncard.io/images/swsh9/swsh9-89_hiresopt.jpg
443,Gible,None
444,Gabite,None
445,Garchomp,None
446,Munchlax,None
447,Riolu,None
448,Lucario,None
449,Hippopotas,None
450,Hippowdon,None
451,Skorupi,None
452,Drapion,None
453,Croagunk,https://images.pokemoncard.io/images/swsh12/swsh12-109_hiresopt.jpg	
454,Toxicroak,https://images.pokemoncard.io/images/swsh12/swsh12-110_hiresopt.jpg
455,Carnivine,None
456,Finneon,https://images.pokemoncard.io/images/swsh11/swsh11-40_hiresopt.jpg
457,Lumineon,None
458,Mantyke,None
459,Snover,https://images.pokemoncard.io/images/swsh6/swsh6-9_hiresopt.jpg
460,Abomasnow,None
461,Weavile,None
462,Magnezone,https://images.pokemoncard.io/images/sm12/sm12-44_hiresopt.jpg
463,Lickilicky,https://images.pokemoncard.io/images/swsh11/swsh11-139_hiresopt.jpg
464,Rhyperior,None
465,Tangrowth,https://images.pokemoncard.io/images/sm12/sm12-6_hiresopt.jpg
466,Electivire,None
467,Magmortar,None
468,Togekiss,None
469,Yanmega,None
470,Leafeon,None
471,Glaceon,None
472,Gliscor,None
473,Mamoswine,None
474,Porygon-Z,https://images.pokemoncard.io/images/swsh11/swsh11-142_hiresopt.jpg
475,Gallade,None
476,Probopass,https://images.pokemoncard.io/images/sm12/sm12-141_hiresopt.jpg
477,Dusknoir,None
478,Froslass,None
479,Rotom,https://images.pokemoncard.io/images/sm12/sm12-86_hiresopt.jpg
480,Uxie,None
481,Mesprit,None
482,Azelf,None
483,Dialga,https://images.pokemoncard.io/images/swsh7/swsh7-112_hiresopt.jpg
484,Palkia,None
485,Heatran,None
486,Regigigas,None
487,Giratina,None
488,Cresselia,None
489,Phione,https://images.pokemoncard.io/images/sm12/sm12-57_hiresopt.jpg
490,Manaphy,None
491,Darkrai,None
492,Shaymin,None
493,Arceus,None
494,Victini,None
495,Snivy,None
496,Servine,None
497,Serperior,None
498,Tepig,https://images.pokemoncard.io/images/sm12/sm12-31_hiresopt.jpg
499,Pignite,https://images.pokemoncard.io/images/sm12/sm12-32_hiresopt.jpg
500,Emboar,None
501,Oshawott,None
502,Dewott,None
503,Samurott,None
504,Patrat,None
505,Watchog,None
506,Lillipup,https://images.pokemoncard.io/images/sm12/sm12-174_hiresopt.jpg
507,Herdier,https://images.pokemoncard.io/images/sm12/sm12-175_hiresopt.jpg
508,Stoutland,https://images.pokemoncard.io/images/swsh7/swsh7-135_hiresopt.jpg
509,Purrloin,None
510,Liepard,None
511,Pansage,None
512,Simisage,None
513,Pansear,None
514,Simisear,None
515,Panpour,None
516,Simipour,None
517,Munna,None
518,Musharna,https://images.pokemoncard.io/images/swsh1/swsh1-88_hiresopt.jpg
519,Pidove,None
520,Tranquill,None
521,Unfezant,None
522,Blitzle,https://images.pokemoncard.io/images/swsh6/swsh6-50_hiresopt.jpg
523,Zebstrika,None
524,Roggenrola,https://images.pokemoncard.io/images/swsh7/swsh7-86_hiresopt.jpg
525,Boldore,None
526,Gigalith,None
527,Woobat,https://images.pokemoncard.io/images/sm12/sm12-87_hiresopt.jpg
528,Swoobat,https://images.pokemoncard.io/images/sm12/sm12-88_hiresopt.jpg
529,Drilbur,https://images.pokemoncard.io/images/sm12/sm12-114_hiresopt.jpg
530,Excadrill,None
531,Audino,None
532,Timburr,None
533,Gurdurr,None
534,Conkeldurr,None
535,Tympole,https://images.pokemoncard.io/images/sm12/sm12-58_hiresopt.jpg
536,Palpitoad,https://images.pokemoncard.io/images/sm12/sm12-116_hiresopt.jpg
537,Seismitoad,None
538,Throh,https://images.pokemoncard.io/images/sm12/sm12-118_hiresopt.jpg
539,Sawk,https://images.pokemoncard.io/images/sm3/sm3-72_hiresopt.jpg
540,Sewaddle,None
541,Swadloon,None
542,Leavanny,None
543,Venipede,https://images.pokemoncard.io/images/swsh6/swsh6-105_hiresopt.jpg
544,Whirlipede,https://images.pokemoncard.io/images/swsh6/swsh6-106_hiresopt.jpg
545,Scolipede,https://images.pokemoncard.io/images/swsh6/swsh6-107_hiresopt.jpg
546,Cottonee,https://images.pokemoncard.io/images/xy7/xy7-55_hiresopt.jpg
547,Whimsicott,https://images.pokemoncard.io/images/sm2/sm2-91_hiresopt.jpg
548,Petilil,None
549,Lilligant,None
550,Basculin,None
551,Sandile,None
552,Krokorok,None
553,Krookodile,None
554,Darumaka,None
555,Darmanitan,None
556,Maractus,None
557,Dwebble,https://images.pokemoncard.io/images/swsh7/swsh7-11_hiresopt.jpg
558,Crustle,None
559,Scraggy,None
560,Scrafty,None
561,Sigilyph,None
562,Yamask,https://images.pokemoncard.io/images/swsh6/swsh6-82_hiresopt.jpg
563,Cofagrigus,None
564,Tirtouga,None
565,Carracosta,None
566,Archen,None
567,Archeops,None
568,Trubbish,None
569,Garbodor,None
570,Zorua,https://images.pokemoncard.io/images/xy8/xy8-90_hiresopt.jpg
571,Zoroark,None
572,Minccino,None
573,Cinccino,None
574,Gothita,None
575,Gothorita,https://images.pokemoncard.io/images/xy3/xy3-40_hiresopt.jpg
576,Gothitelle,None
577,Solosis,None
578,Duosion,None
579,Reuniclus,None
580,Ducklett,https://images.pokemoncard.io/images/sm12/sm12-59_hiresopt.jpg
581,Swanna,https://images.pokemoncard.io/images/sm12/sm12-60_hiresopt.jpg
582,Vanillite,https://images.pokemoncard.io/images/xy8/xy8-43_hiresopt.jpg
583,Vanillish,None
584,Vanilluxe,None
585,Deerling,https://images.pokemoncard.io/images/swsh6/swsh6-11_hiresopt.jpg
586,Sawsbuck,None
587,Emolga,https://images.pokemoncard.io/images/swsh7/swsh7-57_hiresopt.jpg
588,Karrablast,None
589,Escavalier,None
590,Foongus,https://images.pokemoncard.io/images/xy11/xy11-12_hiresopt.jpg
591,Amoonguss,None
592,Frillish,None
593,Jellicent,None
594,Alomomola,None
595,Joltik,https://images.pokemoncard.io/images/swsh1/swsh1-70_hiresopt.jpg
596,Galvantula,None
597,Ferroseed,https://images.pokemoncard.io/images/sm9/sm9-102_hiresopt.jpg
598,Ferrothorn,None
599,Klink,None
600,Klang,None
601,Klinklang,None
602,Tynamo,https://images.pokemoncard.io/images/sm3/sm3-44_hiresopt.jpg
603,Eelektrik,None
604,Eelektross,https://images.pokemoncard.io/images/swsh11/swsh11-61_hiresopt.jpg
605,Elgyem,https://images.pokemoncard.io/images/swsh12/swsh12-79_hiresopt.jpg
606,Beheeyem,None
607,Litwick,https://images.pokemoncard.io/images/sm2/sm2-11_hiresopt.jpg
608,Lampent,None
609,Chandelure,None
610,Axew,None
611,Fraxure,https://images.pokemoncard.io/images/xy8/xy8-110_hiresopt.jpg
612,Haxorus,None
613,Cubchoo,None
614,Beartic,None
615,Cryogonal,None
616,Shelmet,None
617,Accelgor,None
618,Stunfisk,None
619,Mienfoo,None
620,Mienshao,None
621,Druddigon,None
622,Golett,https://images.pokemoncard.io/images/sm12/sm12-89_hiresopt.jpg
623,Golurk,https://images.pokemoncard.io/images/swsh6/swsh6-66_hiresopt.jpg
624,Pawniard,https://images.pokemoncard.io/images/sm12/sm12-134_hiresopt.jpg
625,Bisharp,https://images.pokemoncard.io/images/sm12/sm12-135_hiresopt.jpg
626,Bouffalant,None
627,Rufflet,https://images.pokemoncard.io/images/sm12/sm12-177_hiresopt.jpg
628,Braviary,https://images.pokemoncard.io/images/sm12/sm12-178_hiresopt.jpg
629,Vullaby,https://images.pokemoncard.io/images/xy10/xy10-57_hiresopt.jpg
630,Mandibuzz,None
631,Heatmor,https://images.pokemoncard.io/images/swsh1/swsh1-26_hiresopt.jpg
632,Durant,None
633,Deino,https://images.pokemoncard.io/images/swsh7/swsh7-113_hiresopt.jpg
634,Zweilous,https://images.pokemoncard.io/images/xy4/xy4-73_hiresopt.jpg
635,Hydreigon,None
636,Larvesta,https://images.pokemoncard.io/images/xy11/xy11-14_hiresopt.jpg
637,Volcarona,None
638,Cobalion,None
639,Terrakion,None
640,Virizion,None
641,Tornadus,None
642,Thundurus,None
643,Reshiram,None
644,Zekrom,None
645,Landorus,None
646,Kyurem,None
647,Keldeo,None
648,Meloetta,None
649,Genesect,None
650,Chespin,https://images.pokemoncard.io/images/xy8/xy8-9_hiresopt.jpg
651,Quilladin,None
652,Chesnaught,None
653,Fennekin,https://images.pokemontcg.io/xy10/10_hires.png
654,Braixen,https://images.pokemoncard.io/images/xy8/xy8-26_hiresopt.jpg
655,Delphox,None
656,Froakie,None
657,Frogadier,None
658,Greninja,None
659,Bunnelby,https://images.pokemoncard.io/images/xy4/xy4-87_hiresopt.jpg
660,Diggersby,None
661,Fletchling,https://images.pokemoncard.io/images/sm2/sm2-109_hiresopt.jpg
662,Fletchinder,https://images.pokemoncard.io/images/swsh7/swsh7-139_hiresopt.jpg
663,Talonflame,None
664,Scatterbug,None
665,Spewpa,None
666,Vivillon,None
667,Litleo,https://images.pokemoncard.io/images/sm12/sm12-36_hiresopt.jpg
668,Pyroar,https://images.pokemoncard.io/images/sm12/sm12-37_hiresopt.jpg
669,Flabébé,https://images.pokemoncard.io/images/sm12/sm12-149_hiresopt.jpg
670,Floette,https://images.pokemoncard.io/images/xy8/xy8-102_hiresopt.jpg
671,Florges,None
672,Skiddo,None
673,Gogoat,None
674,Pancham,https://images.pokemoncard.io/images/sm2/sm2-72_hiresopt.jpg
675,Pangoro,https://images.pokemoncard.io/images/sm12/sm12-120_hiresopt.jpg
676,Furfrou,https://images.pokemoncard.io/images/swsh6/swsh6-126_hiresopt.jpg
677,Espurr,None
678,Meowstic,None
679,Honedge,None
680,Doublade,None
681,Aegislash,None
682,Spritzee,https://images.pokemoncard.io/images/xy8/xy8-105_hiresopt.jpg
683,Aromatisse,None
684,Swirlix,https://images.pokemoncard.io/images/sm12/sm12-153_hiresopt.jpg
685,Slurpuff,https://images.pokemoncard.io/images/sm12/sm12-154_hiresopt.jpg
686,Inkay,https://images.pokemoncard.io/images/swsh6/swsh6-69_hiresopt.jpg
687,Malamar,None
688,Binacle,https://images.pokemoncard.io/images/sm6/sm6-66_hiresopt.jpg
689,Barbaracle,None
690,Skrelp,https://images.pokemoncard.io/images/sm12/sm12-91_hiresopt.jpg
691,Dragalge,None
692,Clauncher,https://images.pokemoncard.io/images/xy11/xy11-33_hiresopt.jpg
693,Clawitzer,None
694,Helioptile,https://images.pokemoncard.io/images/sm9/sm9-49_hiresopt.jpg
695,Heliolisk,https://images.pokemoncard.io/images/sm12/sm12-180_hiresopt.jpg
696,Tyrunt,https://images.pokemoncard.io/images/xy3/xy3-61_hiresopt.jpg
697,Tyrantrum,None
698,Amaura,None
699,Aurorus,None
700,Sylveon,None
701,Hawlucha,None
702,Dedenne,None
703,Carbink,https://images.pokemoncard.io/images/xy10/xy10-50_hiresopt.jpg
704,Goomy,None
705,Sliggoo,https://images.pokemoncard.io/images/xy4/xy4-76_hiresopt.jpg
706,Goodra,None
707,Klefki,https://images.pokemoncard.io/images/sm9/sm9-110_hiresopt.jpg
708,Phantump,https://images.pokemoncard.io/images/sm12/sm12-93_hiresopt.jpg
709,Trevenant,None
710,Pumpkaboo,https://images.pokemoncard.io/images/swsh7/swsh7-76_hiresopt.jpg
711,Gourgeist,None
712,Bergmite,https://images.pokemoncard.io/images/swsh7/swsh7-44_hiresopt.jpg
713,Avalugg,https://images.pokemoncard.io/images/swsh7/swsh7-45_hiresopt.jpg
714,Noibat,https://images.pokemoncard.io/images/xy3/xy3-87_hiresopt.jpg
715,Noivern,None
716,Xerneas,None
717,Yveltal,None
718,Zygarde,None
719,Diancie,None
720,Hoopa,None
721,Volcanion,None
722,Rowlet,https://images.pokemoncard.io/images/sm12/sm12-18_hiresopt.jpg
723,Dartrix,None
724,Decidueye,None
725,Litten,https://images.pokemoncard.io/images/sm9/sm9-20_hiresopt.jpg
726,Torracat,None
727,Incineroar,None
728,Popplio,None
729,Brionne,None
730,Primarina,None
731,Pikipek,None
732,Trumbeak,None
733,Toucannon,None
734,Yungoos,None
735,Gumshoos,None
736,Grubbin,None
737,Charjabug,None
738,Vikavolt,None
739,Crabrawler,https://images.pokemoncard.io/images/sm12/sm12-121_hiresopt.jpg
740,Crabominable,https://images.pokemoncard.io/images/swsh6/swsh6-85_hiresopt.jpg
741,Oricorio,None
742,Cutiefly,https://images.pokemoncard.io/images/sm3/sm3-95_hiresopt.jpg
743,Ribombee,https://images.pokemoncard.io/images/swsh7/swsh7-79_hiresopt.jpg
744,Rockruff,https://images.pokemoncard.io/images/swsh6/swsh6-86_hiresopt.jpg
745,Lycanroc,None
746,Wishiwashi,None
747,Mareanie,None
748,Toxapex,None
749,Mudbray,None
750,Mudsdale,None
751,Dewpider,https://images.pokemoncard.io/images/sm12/sm12-64_hiresopt.jpg
752,Araquanid,https://images.pokemoncard.io/images/sm12/sm12-65_hiresopt.jpg
753,Fomantis,None
754,Lurantis,None
755,Morelull,https://images.pokemoncard.io/images/sm3/sm3-97_hiresopt.jpg
756,Shiinotic,None
757,Salandit,None
758,Salazzle,None
759,Stufful,https://images.pokemoncard.io/images/sm12/sm12-181_hiresopt.jpg
760,Bewear,None
761,Bounsweet,https://images.pokemoncard.io/images/swsh6/swsh6-13_hiresopt.jpg
762,Steenee,None
763,Tsareena,None
764,Comfey,None
765,Oranguru,None
766,Passimian,https://images.pokemoncard.io/images/sm12/sm12-125_hiresopt.jpg
767,Wimpod,None
768,Golisopod,None
769,Sandygast,https://images.pokemoncard.io/images/sm12/sm12-126_hiresopt.jpg
770,Palossand,None
771,Pyukumuku,https://images.pokemoncard.io/images/sm10/sm10-53_hiresopt.jpg
772,Type: Null,https://images.pokemoncard.io/images/sm12/sm12-183_hiresopt.jpg
773,Silvally,None
774,Minior,None
775,Komala,None
776,Turtonator,None
777,Togedemaru,https://images.pokemoncard.io/images/sm12/sm12-74_hiresopt.jpg
778,Mimikyu,None
779,Bruxish,None
780,Drampa,https://images.pokemoncard.io/images/swsh1/swsh1-149_hiresopt.jpg
781,Dhelmise,https://images.pokemoncard.io/images/sm12/sm12-98_hiresopt.jpg
782,Jangmo-o,https://images.pokemoncard.io/images/sm12/sm12-160_hiresopt.jpg
783,Hakamo-o,https://images.pokemoncard.io/images/sm12/sm12-162_hiresopt.jpg
784,Kommo-o,None
785,Tapu Koko,None
786,Tapu Lele,None
787,Tapu Bulu,None
788,Tapu Fini,None
789,Cosmog,https://images.pokemoncard.io/images/sm12/sm12-99_hiresopt.jpg
790,Cosmoem,https://images.pokemoncard.io/images/sm12/sm12-101_hiresopt.jpg
791,Solgaleo,None
792,Lunala,None
793,Nihilego,None
794,Buzzwole,None
795,Pheromosa,None
796,Xurkitree,None
797,Celesteela,None
798,Kartana,None
799,Guzzlord,None
800,Necrozma,None
801,Magearna,None
802,Marshadow,None
803,Poipole,None
804,Naganadel,None
805,Stakataka,None
806,Blacephalon,None
807,Zeraora,None
808,Meltan,None
809,Melmetal,None
810,Grookey,https://images.pokemoncard.io/images/swsh6/swsh6-16_hiresopt.jpg
811,Thwackey,None
812,Rillaboom,https://images.pokemoncard.io/images/swsh1/swsh1-15_hiresopt.jpg
813,Scorbunny,https://images.pokemoncard.io/images/swsh6/swsh6-26_hiresopt.jpg
814,Raboot,https://images.pokemoncard.io/images/swsh6/swsh6-27_hiresopt.jpg
815,Cinderace,https://images.pokemoncard.io/images/swsh1/swsh1-36_hiresopt.jpg
816,Sobble,https://images.pokemoncard.io/images/swsh1/swsh1-54_hiresopt.jpg
817,Drizzile,https://images.pokemoncard.io/images/swsh6/swsh6-42_hiresopt.jpg
818,Inteleon,None
819,Skwovet,https://images.pokemoncard.io/images/swsh6/swsh6-127_hiresopt.jpg
820,Greedent,None
821,Rookidee,None
822,Corvisquire,None
823,Corviknight,None
824,Blipbug,https://images.pokemoncard.io/images/swsh1/swsh1-16_hiresopt.jpg
825,Dottler,https://images.pokemoncard.io/images/swsh11/swsh11-19_hiresopt.jpg
826,Orbeetle,None
827,Nickit,None
828,Thievul,None
829,Gossifleur,https://images.pokemoncard.io/images/swsh1/swsh1-20_hiresopt.jpg
830,Eldegoss,https://images.pokemoncard.io/images/swsh1/swsh1-21_hiresopt.jpg
831,Wooloo,https://images.pokemoncard.io/images/swsh1/swsh1-153_hiresopt.jpg
832,Dubwool,https://images.pokemoncard.io/images/swsh1/swsh1-154_hiresopt.jpg
833,Chewtle,None
834,Drednaw,None
835,Yamper,https://images.pokemoncard.io/images/swsh1/swsh1-74_hiresopt.jpg
836,Boltund,None
837,Rolycoly,None
838,Carkol,None
839,Coalossal,https://images.pokemoncard.io/images/swshp/swshp-SWSH054_hiresopt.jpg
840,Applin,None
841,Flapple,None
842,Appletun,None
843,Silicobra,https://images.pokemoncard.io/images/sv1/sv1-119_hiresopt.jpg
844,Sandaconda,None
845,Cramorant,None
846,Arrokuda,None
847,Barraskewda,None
848,Toxel,None
849,Toxtricity,None
850,Sizzlipede,None
851,Centiskorch,None
852,Clobbopus,https://images.pokemoncard.io/images/swsh6/swsh6-91_hiresopt.jpg
853,Grapploct,None
854,Sinistea,None
855,Polteageist,None
856,Hatenna,https://images.pokemoncard.io/images/swsh6/swsh6-71_hiresopt.jpg
857,Hattrem,https://images.pokemoncard.io/images/swsh6/swsh6-72_hiresopt.jpg
858,Hatterene,None
859,Impidimp,None
860,Morgrem,None
861,Grimmsnarl,None
862,Obstagoon,None
863,Perrserker,None
864,Cursola,None
865,Sirfetch'd,None
866,Mr. Rime,None
867,Runerigus,None
868,Milcery,None
869,Alcremie,None
870,Falinks,None
871,Pincurchin,None
872,Snom,None
873,Frosmoth,None
874,Stonjourner,None
875,Eiscue,None
876,Indeedee,None
877,Morpeko,https://images.pokemoncard.io/images/swsh12/swsh12-116_hiresopt.jpg
878,Cufant,None
879,Copperajah,None
880,Dracozolt,None
881,Arctozolt,None
882,Dracovish,None
883,Arctovish,None
884,Duraludon,None
885,Dreepy,None
886,Drakloak,None
887,Dragapult,None
888,Zacian,None
889,Zamazenta,None
890,Eternatus,None
891,Kubfu,https://images.pokemoncard.io/images/swsh6/swsh6-93_hiresopt.jpg
892,Urshifu,None
893,Zarude,None
894,Regieleki,None
895,Regidrago,None
896,Glastrier,None
897,Spectrier,None
898,Calyrex,None
899,Wyrdeer,None
900,Kleavor,None
901,Ursaluna,None
902,Basculegion,None
903,Sneasler,None
904,Overqwil,None
905,Enamorus,None
906,Sprigatito,None
907,Floragato,None
908,Meowscarada,None
909,Fuecoco,None
910,Crocalor,None
911,Skeledirge,None
912,Quaxly,None
913,Quaxwell,None
914,Quaquaval,None
915,Lechonk,None
916,Oinkologne,None
917,Tarountula,None
918,Spidops,None
919,Nymble,None
920,Lokix,None
921,Pawmi,None
922,Pawmo,None
923,Pawmot,None
924,Tandemaus,None
925,Maushold,None
926,Fidough,None
927,Dachsbun,None
928,Smoliv,None
929,Dolliv,None
930,Arboliva,None
931,Squawkabilly,None
932,Nacli,None
933,Naclstack,None
934,Garganacl,None
935,Charcadet,None
936,Armarouge,None
937,Ceruledge,None
938,Tadbulb,None
939,Bellibolt,None
940,Wattrel,None
941,Kilowattrel,None
942,Maschiff,None
943,Mabosstiff,None
944,Shroodle,None
945,Grafaiai,None
946,Bramblin,None
947,Brambleghast,None
948,Toedscool,None
949,Toedscruel,None
950,Klawf,None
951,Capsakid,None
952,Scovillain,None
953,Rellor,None
954,Rabsca,None
955,Flittle,None
956,Espathra,None
957,Tinkatink,None
958,Tinkatuff,None
959,Tinkaton,None
960,Wiglett,None
961,Wugtrio,None
962,Bombirdier,None
963,Finizen,None
964,Palafin,None
965,Varoom,None
966,Revavroom,None
967,Cyclizar,None
968,Orthworm,None
969,Glimmet,None
970,Glimmora,None
971,Greavard,None
972,Houndstone,None
973,Flamigo,None
974,Cetoddle,None
975,Cetitan,None
976,Veluza,None
977,Dondozo,None
978,Tatsugiri,None
979,Annihilape,None
980,Clodsire,None
981,Farigiraf,None
982,Dudunsparce,None
983,Kingambit,None
984,Great Tusk,None
985,Scream Tail,None
986,Brute Bonnet,None
987,Flutter Mane,None
988,Slither Wing,None
989,Sandy Shocks,None
990,Iron Treads,None
991,Iron Bundle,None
992,Iron Hands,None
993,Iron Jugulis,None
994,Iron Moth,None
995,Iron Thorns,None
996,Frigibax,None
997,Arctibax,None
998,Baxcalibur,None
999,Gimmighoul,None
1000,Gholdengo,None
1001,Wo-Chien,None
1002,Chien-Pao,None
1003,Ting-Lu,None
1004,Chi-Yu,None
1005,Roaring Moon,None
1006,Iron Valiant,None
1007,Koraidon,None
1008,Miraidon,None
1009,Walking Wake,None
1010,Iron Leaves,None
